<?xml version="1.0" encoding="UTF-8"?><beans xmlns="http://www.springframework.org/schema/beans"
	xmlns:xsi="http://www.w3.org/2001/XMLSchema-instance" xmlns:context="http://www.springframework.org/schema/context"
	xmlns:p="http://www.springframework.org/schema/p"
	xsi:schemaLocation="http://www.springframework.org/schema/beans
    http://www.springframework.org/schema/beans/spring-beans.xsd
    http://www.springframework.org/schema/context
    http://www.springframework.org/schema/context/spring-context.xsd">

	<context:property-placeholder location="com/learning/spring/Assignment04/dbProperties"/>
    <bean class="com.learning.spring.Assignment04.Db" name="db">
    	<constructor-arg>
    		<value>${url}</value>
    	</constructor-arg>
    	<constructor-arg>
    		<value>${userName}</value>
    	</constructor-arg>
    	<constructor-arg>
    		<value>${password}</value>
    	</constructor-arg>
    </bean>
</beans>    