<?xml version="1.0" encoding="UTF-8"?>
<beans xmlns="http://www.springframework.org/schema/beans"
	xmlns:xsi="http://www.w3.org/2001/XMLSchema-instance" xmlns:context="http://www.springframework.org/schema/context"
	xmlns:p="http://www.springframework.org/schema/p"
	xsi:schemaLocation="http://www.springframework.org/schema/beans
    http://www.springframework.org/schema/beans/spring-beans.xsd
    http://www.springframework.org/schema/context
    http://www.springframework.org/schema/context/spring-context.xsd">

	<!-- Start: Inject primitive types -->
	<!-- Inject the values into object through element -->
	<!-- <bean name="emp" class="com.learning.spring.springcore.Employee">
		<property name="id">
			<value>001</value>
		</property>
		<property name="name">
			<value>Neelavathi</value>
		</property>
	</bean> -->
	<!-- Inject the values into object through attribute -->
	<!-- <bean name="emp" class="com.learning.spring.springcore.Employee">
		<property name="id" value="001" />
		<property name="name" value="Neelavathi K" />
	</bean> -->
	<!-- Inject the values into object through p:schema -->
	<bean name="emp" class="com.learning.spring.springcore.Employee" p:id="001" p:name="Neela" />
	<!-- End: Inject primitive types -->
	
	<!-- Start: Inject collection types -->
	<bean name="hosp" class="com.learning.spring.springcore.list.Hospital">
		<property name="name" value="ABC" />
		<property name="department">
			<list>
				<value>Cardiollogy</value>
				<value>Eye</value>
				<value>Kidney</value>	
			</list>
		</property>
	</bean>
	<bean name="car" class="com.learning.spring.springcore.set.CarDealer">
		<property name="name" value="Trichy Dealer" />
		<property name="model">
			<set>
				<value>Maruthi</value>
				<value>Suzuki</value>
				<value>Suzuki</value>
			</set>
		</property>
	</bean>
	<!-- End: Inject collection types -->
		
	<!-- Call lifecycle methods through xml configuration -->
	<!-- <bean name="patient" class="com.learning.spring.springcore.lifecycle.xml.Patient" p:id="002" init-method="initialMethod" destroy-method="destroyMethod" /> -->
	
	<!-- Call lifecycle methods through spring Interface-->
	<!-- <bean name="patient" class="com.learning.spring.springcore.lifecycle.xml.Patient" p:id="010" /> -->
	
	<!-- Call lifecycle methods through spring annotation-->
	<!-- <bean class="org.springframework.context.annotation.CommonAnnotationBeanPostProcessor" />  -->  <!-- To enable annotations for lifecycle --> 
	<bean name="patient" class="com.learning.spring.springcore.lifecycle.xml.Patient" p:id="015" />
	
	<context:annotation-config /> 	  <!-- To enable all annotation in spring -->

	<!-- Dependency Check - making injecting dependency mandate using @required -->
	<!-- <bean class="org.springframework.beans.factory.annotation.RequiredAnnotationBeanPostProcessor" /> --> <!-- To enable @required annotation -->
	<bean name="prescription" class="com.learning.spring.springcore.dependencycheck.Prescription" />	
	
	<!-- Inner Bean -->
	<bean name="address" class="com.learning.spring.springcore.innerBean.Address" p:hno="39" p:street="Woraiyur" p:city="Trichy" />
	<bean name="employee" class="com.learning.spring.springcore.innerBean.Employee" p:id="101" p:address-ref="address" scope="prototype" />
	
</beans>