<?xml version="1.0" encoding="UTF-8"?>
<beans xmlns="http://www.springframework.org/schema/beans"
	xmlns:xsi="http://www.w3.org/2001/XMLSchema-instance" xmlns:context="http://www.springframework.org/schema/context"
	xmlns:p="http://www.springframework.org/schema/p"
	xsi:schemaLocation="http://www.springframework.org/schema/beans
    http://www.springframework.org/schema/beans/spring-beans.xsd
    http://www.springframework.org/schema/context
    http://www.springframework.org/schema/context/spring-context.xsd">

    
    <bean class="com.learning.spring.springcore.constructorInjection.Address" name="address" p:hno="39" p:street="woraiyur" p:city="trichy" />
    <bean class="com.learning.spring.springcore.constructorInjection.Employee" name="employee">
		<constructor-arg>
			<value>001</value>
		</constructor-arg>
		<constructor-arg>
			<ref bean="address"></ref>
		</constructor-arg>
    </bean>
    
    <!-- Reading from property file  -->
    <context:property-placeholder location="dbProperties"/>
    <bean class="com.learning.spring.springcore.propertyplaceholder.MyDao" name="myDao">
    	<constructor-arg>
    		<value>${dbServer}</value>
    	</constructor-arg>
    </bean>
</beans>    