<?xml version="1.0" encoding="UTF-8"?>
<beans xmlns="http://www.springframework.org/schema/beans"
	xmlns:xsi="http://www.w3.org/2001/XMLSchema-instance" xmlns:context="http://www.springframework.org/schema/context"
	xmlns:p="http://www.springframework.org/schema/p"
	xsi:schemaLocation="http://www.springframework.org/schema/beans
    http://www.springframework.org/schema/beans/spring-beans.xsd
    http://www.springframework.org/schema/context
    http://www.springframework.org/schema/context/spring-context.xsd">

	<context:component-scan base-package="com.learning.spring.springJdbc.employee" />
	
    <bean class="org.springframework.jdbc.datasource.DriverManagerDataSource" name="dataSource">
    	<property name="driverClassName" value="org.sqlite.JDBC"></property>
    	<property name="url" value="jdbc:sqlite:C:/Users/NeelavathiK/Documents/Neela/DB01/.metadata/sample-database-sqlite-1/Chinook.db"></property>
    	<property name="username" value=""></property>
    	<property name="password" value=""></property>
    </bean>
    
    <bean class="org.springframework.jdbc.core.JdbcTemplate" name="jT">
    	<property name="dataSource" ref="dataSource"></property>
    </bean>
    
    <!-- <bean class="com.learning.spring.springJdbc.employee.dao.EmployeeDaoImpl" name="emp" /> -->
    	<!-- <property name="jdbcTemplate" ref="jT" />
    </bean> -->
</beans>    